{
  "routerMap": [
    {
      "name": "Index",
      "pageSourceFile": "src/main/ets/pages/Index.ets",
      "buildFunction": "IndexBuilder",
      "data": {
        "description": "首页"
      }
    },
    {
      "name": "SearchDevice",
      "pageSourceFile": "src/main/ets/pages/SearchDevice.ets",
      "buildFunction": "SearchDeviceBuilder",
      "data": {
        "description": "搜索设备"
      }
    },
    {
      "name": "AddDevice",
      "pageSourceFile": "src/main/ets/pages/AddDevice.ets",
      "buildFunction": "AddDeviceBuilder",
      "data": {
        "description": "添加设备"
      }
    }
  ]
}