{
  "string": [
    {
      "name": "module_desc",
      "value": "module description"
    },
    {
      "name": "MainPageAbility_desc",
      "value": "description"
    },
    {
      "name": "app_name",
      "value": "智印云盒"
    },
    {
      "name": "tab_home",
      "value": "首页"
    },
    {
      "name": "tab_resource",
      "value": "打印素材"
    },
    {
      "name": "tab_user",
      "value": "我的"
    },
    {
      "name": "login_input_phone",
      "value": "请输入您的手机号"
    },
    {
      "name": "login_input_pwd",
      "value": "请输入密码"
    },
    {
      "name": "login_login",
      "value": "登录"
    },
    {
      "name": "login_forget_pwd",
      "value": "忘记密码"
    },
    {
      "name": "login_no_account",
      "value": "还没有账号？"
    },
    {
      "name": "login_regist",
      "value": "立即注册"
    }
  ]
}