{
  "id": "993865",
  "name": "商城模板—第三方修改",
  "font_family": "iconfontYI",
  "css_prefix_text": "icon-",
  "description": "外包项目图标添加",
  "glyphs": [
    {
      "icon_id": "160836",
      "name": "精品推荐",
      "font_class": "jingpintuijian",
      "unicode": "e60d",
      "unicode_decimal": 58893
    },
    {
      "icon_id": "464461",
      "name": "笑脸",
      "font_class": "xiaolian",
      "unicode": "e60f",
      "unicode_decimal": 58895
    },
    {
      "icon_id": "539040",
      "name": "推广",
      "font_class": "tuiguang",
      "unicode": "e63b",
      "unicode_decimal": 58939
    },
    {
      "icon_id": "689324",
      "name": "圆点小",
      "font_class": "yuandianxiao",
      "unicode": "e82f",
      "unicode_decimal": 59439
    },
    {
      "icon_id": "720963",
      "name": "搜索",
      "font_class": "xiazai5",
      "unicode": "e605",
      "unicode_decimal": 58885
    },
    {
      "icon_id": "872548",
      "name": "支付宝",
      "font_class": "icon34",
      "unicode": "e62b",
      "unicode_decimal": 58923
    },
    {
      "icon_id": "926111",
      "name": "打电话-01",
      "font_class": "dadianhua01",
      "unicode": "e623",
      "unicode_decimal": 58915
    },
    {
      "icon_id": "1090230",
      "name": "点选",
      "font_class": "webicon318",
      "unicode": "e6c2",
      "unicode_decimal": 59074
    },
    {
      "icon_id": "1141383",
      "name": "关闭",
      "font_class": "iconfontguanbi",
      "unicode": "e643",
      "unicode_decimal": 58947
    },
    {
      "icon_id": "1207404",
      "name": "拍照",
      "font_class": "icon25201",
      "unicode": "e70d",
      "unicode_decimal": 59149
    },
    {
      "icon_id": "1518998",
      "name": "促销管理",
      "font_class": "cuxiaoguanli",
      "unicode": "e60e",
      "unicode_decimal": 58894
    },
    {
      "icon_id": "1534823",
      "name": "秒杀",
      "font_class": "miaosha",
      "unicode": "e6c3",
      "unicode_decimal": 59075
    },
    {
      "icon_id": "1671897",
      "name": "会员",
      "font_class": "huiyuan",
      "unicode": "e60b",
      "unicode_decimal": 58891
    },
    {
      "icon_id": "1727266",
      "name": "05采购-线性",
      "font_class": "caigou-xianxing",
      "unicode": "e887",
      "unicode_decimal": 59527
    },
    {
      "icon_id": "1727267",
      "name": "05采购",
      "font_class": "caigou",
      "unicode": "e888",
      "unicode_decimal": 59528
    },
    {
      "icon_id": "1727371",
      "name": "30应用程序-线性",
      "font_class": "yingyongchengxu-xianxing",
      "unicode": "e8a1",
      "unicode_decimal": 59553
    },
    {
      "icon_id": "1727372",
      "name": "30应用程序",
      "font_class": "yingyongchengxu",
      "unicode": "e8a2",
      "unicode_decimal": 59554
    },
    {
      "icon_id": "1727379",
      "name": "33资源-线性",
      "font_class": "ziyuan-xianxing",
      "unicode": "e8a4",
      "unicode_decimal": 59556
    },
    {
      "icon_id": "1727423",
      "name": "204首页",
      "font_class": "shouye",
      "unicode": "e8b9",
      "unicode_decimal": 59577
    },
    {
      "icon_id": "1727424",
      "name": "204首页-线性",
      "font_class": "shouye-xianxing",
      "unicode": "e8ba",
      "unicode_decimal": 59578
    },
    {
      "icon_id": "1727458",
      "name": "224用户-线性",
      "font_class": "yonghu-xianxing",
      "unicode": "e8c8",
      "unicode_decimal": 59592
    },
    {
      "icon_id": "1727459",
      "name": "224用户",
      "font_class": "yonghu",
      "unicode": "e8c9",
      "unicode_decimal": 59593
    },
    {
      "icon_id": "1727598",
      "name": "411地图",
      "font_class": "ditu",
      "unicode": "e906",
      "unicode_decimal": 59654
    },
    {
      "icon_id": "1780995",
      "name": "搜索",
      "font_class": "sousuo2",
      "unicode": "e757",
      "unicode_decimal": 59223
    },
    {
      "icon_id": "1850915",
      "name": "订单",
      "font_class": "2",
      "unicode": "e684",
      "unicode_decimal": 59012
    },
    {
      "icon_id": "1852350",
      "name": "地址",
      "font_class": "dizhi",
      "unicode": "e608",
      "unicode_decimal": 58888
    },
    {
      "icon_id": "1857286",
      "name": "皇冠2",
      "font_class": "huangguan",
      "unicode": "e624",
      "unicode_decimal": 58916
    },
    {
      "icon_id": "1857287",
      "name": "皇冠3",
      "font_class": "huangguan1",
      "unicode": "e625",
      "unicode_decimal": 58917
    },
    {
      "icon_id": "1857288",
      "name": "皇冠",
      "font_class": "huangguan2",
      "unicode": "e626",
      "unicode_decimal": 58918
    },
    {
      "icon_id": "1983323",
      "name": "物流",
      "font_class": "wuliu",
      "unicode": "e6f2",
      "unicode_decimal": 59122
    },
    {
      "icon_id": "2051400",
      "name": "选中",
      "font_class": "xuanzhong",
      "unicode": "e615",
      "unicode_decimal": 58901
    },
    {
      "icon_id": "2121745",
      "name": "新品",
      "font_class": "xinpin",
      "unicode": "e610",
      "unicode_decimal": 58896
    },
    {
      "icon_id": "2182776",
      "name": "箭头",
      "font_class": "arrow",
      "unicode": "e627",
      "unicode_decimal": 58919
    },
    {
      "icon_id": "2203117",
      "name": "余额支付",
      "font_class": "yuezhifu",
      "unicode": "e65e",
      "unicode_decimal": 58974
    },
    {
      "icon_id": "2351436",
      "name": "编辑",
      "font_class": "bianji",
      "unicode": "e6cc",
      "unicode_decimal": 59084
    },
    {
      "icon_id": "2360857",
      "name": "问题",
      "font_class": "wenti",
      "unicode": "e758",
      "unicode_decimal": 59224
    },
    {
      "icon_id": "2540845",
      "name": "钱袋 (1) (3)",
      "font_class": "qiandai",
      "unicode": "e6b1",
      "unicode_decimal": 59057
    },
    {
      "icon_id": "2551763",
      "name": "向右",
      "font_class": "xiangyou",
      "unicode": "e679",
      "unicode_decimal": 59001
    },
    {
      "icon_id": "2553385",
      "name": "排行",
      "font_class": "paihang",
      "unicode": "e73e",
      "unicode_decimal": 59198
    },
    {
      "icon_id": "2559567",
      "name": "位置",
      "font_class": "weizhi",
      "unicode": "e62d",
      "unicode_decimal": 58925
    },
    {
      "icon_id": "2562049",
      "name": "热门",
      "font_class": "remen",
      "unicode": "e67c",
      "unicode_decimal": 59004
    },
    {
      "icon_id": "2664568",
      "name": "团队",
      "font_class": "tuandui",
      "unicode": "e685",
      "unicode_decimal": 59013
    },
    {
      "icon_id": "2672470",
      "name": "余额支付",
      "font_class": "yuezhifu1",
      "unicode": "e61a",
      "unicode_decimal": 58906
    },
    {
      "icon_id": "2681908",
      "name": "用户",
      "font_class": "yonghu2",
      "unicode": "e60a",
      "unicode_decimal": 58890
    },
    {
      "icon_id": "2762285",
      "name": "拼团",
      "font_class": "hebingxingzhuang",
      "unicode": "e656",
      "unicode_decimal": 58966
    },
    {
      "icon_id": "2762614",
      "name": "购物车",
      "font_class": "gouwuche1",
      "unicode": "e642",
      "unicode_decimal": 58946
    },
    {
      "icon_id": "2808105",
      "name": "浏览",
      "font_class": "liulan",
      "unicode": "e629",
      "unicode_decimal": 58921
    },
    {
      "icon_id": "2980623",
      "name": "金币",
      "font_class": "jinbi1",
      "unicode": "e655",
      "unicode_decimal": 58965
    },
    {
      "icon_id": "3034678",
      "name": "关闭",
      "font_class": "guanbi2",
      "unicode": "e61c",
      "unicode_decimal": 58908
    },
    {
      "icon_id": "3054938",
      "name": "搜索",
      "font_class": "sousuo",
      "unicode": "e67d",
      "unicode_decimal": 59005
    },
    {
      "icon_id": "3131690",
      "name": "微信",
      "font_class": "weixin",
      "unicode": "e600",
      "unicode_decimal": 58880
    },
    {
      "icon_id": "3185373",
      "name": "微信",
      "font_class": "weixin3",
      "unicode": "e618",
      "unicode_decimal": 58904
    },
    {
      "icon_id": "3203334",
      "name": "排行",
      "font_class": "paihang1",
      "unicode": "e633",
      "unicode_decimal": 58931
    },
    {
      "icon_id": "3232659",
      "name": "统计 (1)",
      "font_class": "tongji",
      "unicode": "e687",
      "unicode_decimal": 59015
    },
    {
      "icon_id": "3355930",
      "name": "菜单",
      "font_class": "caidan",
      "unicode": "e62a",
      "unicode_decimal": 58922
    },
    {
      "icon_id": "3402041",
      "name": "二维码",
      "font_class": "erweima",
      "unicode": "e607",
      "unicode_decimal": 58887
    },
    {
      "icon_id": "3416446",
      "name": "收 藏",
      "font_class": "shoucang",
      "unicode": "e606",
      "unicode_decimal": 58886
    },
    {
      "icon_id": "3453309",
      "name": "减",
      "font_class": "jian",
      "unicode": "e621",
      "unicode_decimal": 58913
    },
    {
      "icon_id": "3577985",
      "name": "加",
      "font_class": "jia",
      "unicode": "e7e0",
      "unicode_decimal": 59360
    },
    {
      "icon_id": "3584611",
      "name": "关 闭",
      "font_class": "guanbi",
      "unicode": "e62f",
      "unicode_decimal": 58927
    },
    {
      "icon_id": "3751425",
      "name": "向上",
      "font_class": "xiangshang1",
      "unicode": "e622",
      "unicode_decimal": 58914
    },
    {
      "icon_id": "3790017",
      "name": "说明",
      "font_class": "shuoming",
      "unicode": "e630",
      "unicode_decimal": 58928
    },
    {
      "icon_id": "3844134",
      "name": "下拉",
      "font_class": "xiala",
      "unicode": "e67f",
      "unicode_decimal": 59007
    },
    {
      "icon_id": "3845489",
      "name": "排列2",
      "font_class": "pailie",
      "unicode": "e61b",
      "unicode_decimal": 58907
    },
    {
      "icon_id": "3931371",
      "name": "分享",
      "font_class": "fenxiang",
      "unicode": "e603",
      "unicode_decimal": 58883
    },
    {
      "icon_id": "3968583",
      "name": "银行卡",
      "font_class": "yinhangqia",
      "unicode": "e72c",
      "unicode_decimal": 59180
    },
    {
      "icon_id": "4018497",
      "name": "搜索01",
      "font_class": "sousuo1",
      "unicode": "e64c",
      "unicode_decimal": 58956
    },
    {
      "icon_id": "4018775",
      "name": "对号01",
      "font_class": "duihao",
      "unicode": "e64e",
      "unicode_decimal": 58958
    },
    {
      "icon_id": "4133807",
      "name": "订单",
      "font_class": "dingdan",
      "unicode": "e61e",
      "unicode_decimal": 58910
    },
    {
      "icon_id": "4182111",
      "name": "图片排列",
      "font_class": "tupianpailie",
      "unicode": "e620",
      "unicode_decimal": 58912
    },
    {
      "icon_id": "4432686",
      "name": "充值",
      "font_class": "chongzhi",
      "unicode": "e602",
      "unicode_decimal": 58882
    },
    {
      "icon_id": "4603167",
      "name": "设置",
      "font_class": "shezhi",
      "unicode": "e619",
      "unicode_decimal": 58905
    },
    {
      "icon_id": "4769807",
      "name": "个人中心",
      "font_class": "gerenzhongxin",
      "unicode": "e636",
      "unicode_decimal": 58934
    },
    {
      "icon_id": "4770063",
      "name": "首页",
      "font_class": "shouye1",
      "unicode": "e637",
      "unicode_decimal": 58935
    },
    {
      "icon_id": "4770130",
      "name": "购物车",
      "font_class": "gouwuche2",
      "unicode": "e638",
      "unicode_decimal": 58936
    },
    {
      "icon_id": "4919800",
      "name": "说明",
      "font_class": "shuoming1",
      "unicode": "e673",
      "unicode_decimal": 58995
    },
    {
      "icon_id": "4943660",
      "name": "对号",
      "font_class": "duihao2",
      "unicode": "e601",
      "unicode_decimal": 58881
    },
    {
      "icon_id": "5087448",
      "name": "选中",
      "font_class": "complete",
      "unicode": "e646",
      "unicode_decimal": 58950
    },
    {
      "icon_id": "5110066",
      "name": "微信",
      "font_class": "weixin1",
      "unicode": "e66e",
      "unicode_decimal": 58990
    },
    {
      "icon_id": "5116806",
      "name": "线下支付",
      "font_class": "xianxiazhifu",
      "unicode": "e6e1",
      "unicode_decimal": 59105
    },
    {
      "icon_id": "5174616",
      "name": "添加地址",
      "font_class": "tianjiadizhi",
      "unicode": "e640",
      "unicode_decimal": 58944
    },
    {
      "icon_id": "5236609",
      "name": "微信",
      "font_class": "weixin2",
      "unicode": "e604",
      "unicode_decimal": 58884
    },
    {
      "icon_id": "5258701",
      "name": "购物车",
      "font_class": "gouwuche",
      "unicode": "e669",
      "unicode_decimal": 58985
    },
    {
      "icon_id": "5301920",
      "name": "加载",
      "font_class": "jiazai",
      "unicode": "e62c",
      "unicode_decimal": 58924
    },
    {
      "icon_id": "5383811",
      "name": "新闻通知",
      "font_class": "huabanfuben",
      "unicode": "e654",
      "unicode_decimal": 58964
    },
    {
      "icon_id": "5387815",
      "name": "客服_o",
      "font_class": "kefu_o",
      "unicode": "eb63",
      "unicode_decimal": 60259
    },
    {
      "icon_id": "5387821",
      "name": "礼物_o",
      "font_class": "liwu_o",
      "unicode": "eb65",
      "unicode_decimal": 60261
    },
    {
      "icon_id": "5387908",
      "name": "按钮_箭头展开_o",
      "font_class": "anniu_jiantouzhankai_o",
      "unicode": "eb89",
      "unicode_decimal": 60297
    },
    {
      "icon_id": "5387922",
      "name": "箭头_下一页_o",
      "font_class": "jiantou_xiayiye_o",
      "unicode": "eb8f",
      "unicode_decimal": 60303
    },
    {
      "icon_id": "5387926",
      "name": "箭头_上下切换_o",
      "font_class": "jiantou_shangxiaqiehuan_o",
      "unicode": "eb90",
      "unicode_decimal": 60304
    },
    {
      "icon_id": "5387950",
      "name": "上下展开_o",
      "font_class": "shangxiazhankai_o",
      "unicode": "eb9a",
      "unicode_decimal": 60314
    },
    {
      "icon_id": "5387958",
      "name": "货币流_o",
      "font_class": "huobiliu_o",
      "unicode": "eb9f",
      "unicode_decimal": 60319
    },
    {
      "icon_id": "5387967",
      "name": "金币_o",
      "font_class": "jinbi_o",
      "unicode": "eba1",
      "unicode_decimal": 60321
    },
    {
      "icon_id": "5387990",
      "name": "个人头像_o",
      "font_class": "gerentouxiang_o",
      "unicode": "ebac",
      "unicode_decimal": 60332
    },
    {
      "icon_id": "5387992",
      "name": "群组_o",
      "font_class": "qunzu_o",
      "unicode": "ebad",
      "unicode_decimal": 60333
    },
    {
      "icon_id": "5387993",
      "name": "电话_o",
      "font_class": "dianhua_o",
      "unicode": "ebaf",
      "unicode_decimal": 60335
    },
    {
      "icon_id": "5387995",
      "name": "收藏_o",
      "font_class": "shoucang_o",
      "unicode": "ebae",
      "unicode_decimal": 60334
    },
    {
      "icon_id": "5388009",
      "name": "云上传_o",
      "font_class": "yunshangchuan_o",
      "unicode": "ebb3",
      "unicode_decimal": 60339
    },
    {
      "icon_id": "5388011",
      "name": "饼图_o",
      "font_class": "bingtu_o",
      "unicode": "ebb4",
      "unicode_decimal": 60340
    },
    {
      "icon_id": "5388017",
      "name": "包裹_环保盒_o",
      "font_class": "baoguo_huanbaohe_o",
      "unicode": "ebb6",
      "unicode_decimal": 60342
    },
    {
      "icon_id": "5388018",
      "name": "包裹_取消收货_o",
      "font_class": "baoguo_quxiaoshouhuo_o",
      "unicode": "ebb7",
      "unicode_decimal": 60343
    },
    {
      "icon_id": "5388019",
      "name": "包裹_收货_o",
      "font_class": "baoguo_shouhuo_o",
      "unicode": "ebb8",
      "unicode_decimal": 60344
    },
    {
      "icon_id": "5388020",
      "name": "包裹_领件_o",
      "font_class": "baoguo_lingjian_o",
      "unicode": "ebb9",
      "unicode_decimal": 60345
    },
    {
      "icon_id": "5388021",
      "name": "包裹_收纳_o",
      "font_class": "baoguo_shouna_o",
      "unicode": "ebbe",
      "unicode_decimal": 60350
    },
    {
      "icon_id": "5388026",
      "name": "地点定位_o",
      "font_class": "didiandingwei_o",
      "unicode": "ebba",
      "unicode_decimal": 60346
    },
    {
      "icon_id": "5441298",
      "name": "折扣",
      "font_class": "zhekou",
      "unicode": "e790",
      "unicode_decimal": 59280
    },
    {
      "icon_id": "5452215",
      "name": "喇叭",
      "font_class": "laba",
      "unicode": "e612",
      "unicode_decimal": 58898
    },
    {
      "icon_id": "5860911",
      "name": "权限管理锁子",
      "font_class": "quanxianguanlisuozi",
      "unicode": "e6d2",
      "unicode_decimal": 59090
    },
    {
      "icon_id": "5996196",
      "name": "右键",
      "font_class": "youjian",
      "unicode": "e677",
      "unicode_decimal": 58999
    },
    {
      "icon_id": "6091393",
      "name": "下  拉",
      "font_class": "xiala1",
      "unicode": "e609",
      "unicode_decimal": 58889
    },
    {
      "icon_id": "6133627",
      "name": "微信支付",
      "font_class": "weixinzhifu",
      "unicode": "e632",
      "unicode_decimal": 58930
    },
    {
      "icon_id": "6155492",
      "name": "经验值",
      "font_class": "jingyanzhi",
      "unicode": "e62e",
      "unicode_decimal": 58926
    },
    {
      "icon_id": "6194276",
      "name": "更多",
      "font_class": "up",
      "unicode": "e617",
      "unicode_decimal": 58903
    },
    {
      "icon_id": "6265459",
      "name": "客服",
      "font_class": "kefu",
      "unicode": "e6b2",
      "unicode_decimal": 59058
    },
    {
      "icon_id": "6450775",
      "name": "审核中",
      "font_class": "shenhezhong",
      "unicode": "e6ce",
      "unicode_decimal": 59086
    },
    {
      "icon_id": "6582604",
      "name": "砍价",
      "font_class": "kanjia1",
      "unicode": "e613",
      "unicode_decimal": 58899
    },
    {
      "icon_id": "6636378",
      "name": "删 除",
      "font_class": "shanchu1",
      "unicode": "e611",
      "unicode_decimal": 58897
    },
    {
      "icon_id": "6783580",
      "name": "支付宝",
      "font_class": "zhifubao",
      "unicode": "e61d",
      "unicode_decimal": 58909
    },
    {
      "icon_id": "6825609",
      "name": "用户",
      "font_class": "yonghu1",
      "unicode": "e644",
      "unicode_decimal": 58948
    },
    {
      "icon_id": "6854655",
      "name": "功能",
      "font_class": "gongneng",
      "unicode": "e63a",
      "unicode_decimal": 58938
    },
    {
      "icon_id": "6970586",
      "name": "锁子",
      "font_class": "suozi",
      "unicode": "e631",
      "unicode_decimal": 58929
    },
    {
      "icon_id": "7133397",
      "name": "图标_设备列表轮播图右键头",
      "font_class": "jiantou",
      "unicode": "e641",
      "unicode_decimal": 58945
    },
    {
      "icon_id": "7193264",
      "name": "砍价",
      "font_class": "kanjia",
      "unicode": "e69b",
      "unicode_decimal": 59035
    },
    {
      "icon_id": "7246995",
      "name": "拼团",
      "font_class": "pintuan",
      "unicode": "e60c",
      "unicode_decimal": 58892
    },
    {
      "icon_id": "7311029",
      "name": "编辑",
      "font_class": "bianji1",
      "unicode": "e614",
      "unicode_decimal": 58900
    },
    {
      "icon_id": "7341104",
      "name": "优惠券",
      "font_class": "youhuiquan",
      "unicode": "e6e4",
      "unicode_decimal": 59108
    },
    {
      "icon_id": "7383390",
      "name": "分类",
      "font_class": "fenleiyemian",
      "unicode": "e639",
      "unicode_decimal": 58937
    },
    {
      "icon_id": "7467481",
      "name": "向右",
      "font_class": "xiangxia",
      "unicode": "e8ca",
      "unicode_decimal": 59594
    },
    {
      "icon_id": "7474826",
      "name": "删 除",
      "font_class": "shanchu",
      "unicode": "e628",
      "unicode_decimal": 58920
    },
    {
      "icon_id": "7540338",
      "name": "关  闭",
      "font_class": "guanbi3",
      "unicode": "e6c5",
      "unicode_decimal": 59077
    },
    {
      "icon_id": "7559350",
      "name": "选中001",
      "font_class": "xuanzhong1",
      "unicode": "e6ef",
      "unicode_decimal": 59119
    },
    {
      "icon_id": "7559357",
      "name": "未选中001",
      "font_class": "weixuanzhong",
      "unicode": "e6f0",
      "unicode_decimal": 59120
    },
    {
      "icon_id": "7559551",
      "name": "装饰线",
      "font_class": "zhuangshixian",
      "unicode": "e6f1",
      "unicode_decimal": 59121
    },
    {
      "icon_id": "7559552",
      "name": "技术支持",
      "font_class": "jishuzhichi",
      "unicode": "e6f3",
      "unicode_decimal": 59123
    },
    {
      "icon_id": "7560557",
      "name": "边框001",
      "font_class": "biankuang",
      "unicode": "e6f4",
      "unicode_decimal": 59124
    },
    {
      "icon_id": "7560838",
      "name": "关 闭",
      "font_class": "guanbi1",
      "unicode": "e6f5",
      "unicode_decimal": 59125
    },
    {
      "icon_id": "7560940",
      "name": "向右",
      "font_class": "xiangshang",
      "unicode": "ebbb",
      "unicode_decimal": 60347
    },
    {
      "icon_id": "7561200",
      "name": "￥",
      "font_class": "icon-test",
      "unicode": "e6f6",
      "unicode_decimal": 59126
    },
    {
      "icon_id": "7562923",
      "name": "明细",
      "font_class": "mingxi",
      "unicode": "e6f7",
      "unicode_decimal": 59127
    },
    {
      "icon_id": "7562924",
      "name": "提升分值",
      "font_class": "tishengfenzhi",
      "unicode": "e6f8",
      "unicode_decimal": 59128
    },
    {
      "icon_id": "7563099",
      "name": "拼团成功",
      "font_class": "pintuanchenggong",
      "unicode": "e6f9",
      "unicode_decimal": 59129
    },
    {
      "icon_id": "7563100",
      "name": "拼团失败",
      "font_class": "pintuanshibai",
      "unicode": "e6fa",
      "unicode_decimal": 59130
    },
    {
      "icon_id": "7563348",
      "name": "实体星",
      "font_class": "shitixing",
      "unicode": "e6fb",
      "unicode_decimal": 59131
    },
    {
      "icon_id": "7563349",
      "name": "空心星",
      "font_class": "kongxinxing",
      "unicode": "e6fc",
      "unicode_decimal": 59132
    },
    {
      "icon_id": "7563430",
      "name": "已退款",
      "font_class": "yituikuan",
      "unicode": "e6fd",
      "unicode_decimal": 59133
    },
    {
      "icon_id": "7563431",
      "name": "退款中",
      "font_class": "tuikuanzhong",
      "unicode": "e6fe",
      "unicode_decimal": 59134
    },
    {
      "icon_id": "7563801",
      "name": "菱形",
      "font_class": "lingxing",
      "unicode": "e6ff",
      "unicode_decimal": 59135
    },
    {
      "icon_id": "7583837",
      "name": "向右",
      "font_class": "xiangzuo",
      "unicode": "ebbc",
      "unicode_decimal": 60348
    },
    {
      "icon_id": "7766749",
      "name": "icon_im_face",
      "font_class": "icon_im_face",
      "unicode": "eb96",
      "unicode_decimal": 60310
    },
    {
      "icon_id": "7766777",
      "name": "icon_im_keyboard",
      "font_class": "icon_im_keyboard",
      "unicode": "eb97",
      "unicode_decimal": 60311
    },
    {
      "icon_id": "8037761",
      "name": "收 藏",
      "font_class": "shoucang1",
      "unicode": "e714",
      "unicode_decimal": 59156
    },
    {
      "icon_id": "8181204",
      "name": "dianhau",
      "font_class": "dianhau",
      "unicode": "e634",
      "unicode_decimal": 58932
    },
    {
      "icon_id": "8902924",
      "name": "备注",
      "font_class": "zhinengkefu-",
      "unicode": "e616",
      "unicode_decimal": 58902
    },
    {
      "icon_id": "8906620",
      "name": "code_1",
      "font_class": "code_",
      "unicode": "e723",
      "unicode_decimal": 59171
    },
    {
      "icon_id": "8906621",
      "name": "code_2",
      "font_class": "code_1",
      "unicode": "e724",
      "unicode_decimal": 59172
    },
    {
      "icon_id": "8906622",
      "name": "phone_1",
      "font_class": "phone_",
      "unicode": "e725",
      "unicode_decimal": 59173
    },
    {
      "icon_id": "9136175",
      "name": "时间",
      "font_class": "shijian",
      "unicode": "e635",
      "unicode_decimal": 58933
    },
    {
      "icon_id": "9364404",
      "name": "向上",
      "font_class": "xiangxia2",
      "unicode": "ebbd",
      "unicode_decimal": 60349
    },
    {
      "icon_id": "9364654",
      "name": "选中",
      "font_class": "xuanzhong2",
      "unicode": "e731",
      "unicode_decimal": 59185
    },
    {
      "icon_id": "9364655",
      "name": "数据统计",
      "font_class": "shujutongji",
      "unicode": "e732",
      "unicode_decimal": 59186
    },
    {
      "icon_id": "9364656",
      "name": "详细数据",
      "font_class": "xiangxishuju",
      "unicode": "e733",
      "unicode_decimal": 59187
    },
    {
      "icon_id": "9364657",
      "name": "更多",
      "font_class": "gengduo",
      "unicode": "e734",
      "unicode_decimal": 59188
    },
    {
      "icon_id": "9561662",
      "name": "crmeb",
      "font_class": "crmeb",
      "unicode": "e735",
      "unicode_decimal": 59189
    },
    {
      "icon_id": "9895692",
      "name": "crmeb2",
      "font_class": "crmeb1",
      "unicode": "e739",
      "unicode_decimal": 59193
    },
    {
      "icon_id": "9896813",
      "name": "海报",
      "font_class": "haibao",
      "unicode": "e73b",
      "unicode_decimal": 59195
    },
    {
      "icon_id": "10144788",
      "name": "tupian-01",
      "font_class": "tupian-",
      "unicode": "e73f",
      "unicode_decimal": 59199
    },
    {
      "icon_id": "10283513",
      "name": "修 改",
      "font_class": "xiugai",
      "unicode": "e61f",
      "unicode_decimal": 58911
    },
    {
      "icon_id": "10717369",
      "name": "拼团",
      "font_class": "pintuan-copy",
      "unicode": "ebbf",
      "unicode_decimal": 60351
    },
    {
      "icon_id": "10880067",
      "name": "通话",
      "font_class": "tonghua",
      "unicode": "e740",
      "unicode_decimal": 59200
    },
    {
      "icon_id": "11003792",
      "name": "个人中心",
      "font_class": "gerenzhongxin-copy",
      "unicode": "ebc0",
      "unicode_decimal": 60352
    },
    {
      "icon_id": "11003799",
      "name": "首页",
      "font_class": "shouye1-copy",
      "unicode": "ebc1",
      "unicode_decimal": 60353
    },
    {
      "icon_id": "11003806",
      "name": "购物车",
      "font_class": "gouwuche2-copy",
      "unicode": "ebc2",
      "unicode_decimal": 60354
    },
    {
      "icon_id": "11003812",
      "name": "分类",
      "font_class": "fenleiyemian-copy",
      "unicode": "ebc3",
      "unicode_decimal": 60355
    },
    {
      "icon_id": "11680690",
      "name": "mzshopping01",
      "font_class": "mzshopping",
      "unicode": "e746",
      "unicode_decimal": 59206
    },
    {
      "icon_id": "11680752",
      "name": "shouye01",
      "font_class": "shouye2",
      "unicode": "e748",
      "unicode_decimal": 59208
    },
    {
      "icon_id": "11680757",
      "name": "fenlei01",
      "font_class": "fenlei",
      "unicode": "e749",
      "unicode_decimal": 59209
    },
    {
      "icon_id": "11680778",
      "name": "gouwuche01",
      "font_class": "gouwuche3",
      "unicode": "e74a",
      "unicode_decimal": 59210
    },
    {
      "icon_id": "11680780",
      "name": "geren01",
      "font_class": "geren",
      "unicode": "e74b",
      "unicode_decimal": 59211
    },
    {
      "icon_id": "11680785",
      "name": "shouye02",
      "font_class": "shouye3",
      "unicode": "e74c",
      "unicode_decimal": 59212
    },
    {
      "icon_id": "11680960",
      "name": "fenlei02",
      "font_class": "fenlei1",
      "unicode": "e74e",
      "unicode_decimal": 59214
    },
    {
      "icon_id": "11680989",
      "name": "gouwuche02",
      "font_class": "gouwuche4",
      "unicode": "e74f",
      "unicode_decimal": 59215
    },
    {
      "icon_id": "11680996",
      "name": "geren02",
      "font_class": "geren1",
      "unicode": "e750",
      "unicode_decimal": 59216
    }
  ]
}
