{
  "string": [
    {
      "name": "module_desc",
      "value": "module description"
    },
    {
      "name": "MainPageAbility_desc",
      "value": "description"
    },
    {
      "name": "app_name",
      "value": "智印云盒"
    },
    {
      "name": "tab_home",
      "value": "首页"
    },
    {
      "name": "tab_resource",
      "value": "打印素材"
    },
    {
      "name": "tab_user",
      "value": "我的"
    },
    {
      "name": "login_input_phone",
      "value": "请输入您的手机号"
    },
    {
      "name": "login_input_code",
      "value": "请输入验证码"
    },
    {
      "name": "login_get_code",
      "value": "获取验证码"
    },
    {
      "name": "get_code_fail",
      "value": "获取验证码失败"
    },
    {
      "name": "code_empty",
      "value": "验证码不能为空"
    },
    {
      "name": "login_input_pwd",
      "value": "请输入密码"
    },
    {
      "name": "login_input_pwd2",
      "value": "请再次输入密码"
    },
    {
      "name": "login_login",
      "value": "登录"
    },
    {
      "name": "login_forget_pwd",
      "value": "忘记密码"
    },
    {
      "name": "login_no_account",
      "value": "还没有账号？"
    },
    {
      "name": "login_regist",
      "value": "立即注册"
    },
    {
      "name": "error_account",
      "value": "手机号格式错误"
    },
    {
      "name": "error_pwd",
      "value": "密码最短为8位"
    },
    {
      "name": "inconsistent_pwd",
      "value": "两次输入密码不一致"
    },
    {
      "name": "login_success",
      "value": "登录成功"
    },
    {
      "name": "login_fail",
      "value": "登录失败"
    },
    {
      "name": "error_login",
      "value": "账号或密码错误！"
    },
    {
      "name": "error_reset_pwd",
      "value": "重置失败！"
    },
    {
      "name": "has_account",
      "value": "已有账号？"
    },
    {
      "name": "login_now",
      "value": "立即登录"
    },
    {
      "name": "submit",
      "value": "提交"
    },
    {
      "name": "register",
      "value": "注册"
    },
    {
      "name": "error_register",
      "value": "注册失败"
    },
    {
      "name": "privacy_pre",
      "value": "已阅读并同意"
    },
    {
      "name": "privacy_agreement",
      "value": "《隐私协议》"
    },
    {
      "name": "agree_privacy_agreement",
      "value": "请先阅读并同意《隐私协议》"
    }
  ]
}