{
  "routerMap": [
    {
      "name": "Index",
      "pageSourceFile": "src/main/ets/pages/Index.ets",
      "buildFunction": "IndexBuilder",
      "data": {
        "description": "首页"
      }
    },
    {
      "name": "Login",
      "pageSourceFile": "src/main/ets/pages/User/Login.ets",
      "buildFunction": "LoginBuilder",
      "data": {
        "description": "登录"
      }
    },
    {
      "name": "Register",
      "pageSourceFile": "src/main/ets/pages/User/Register.ets",
      "buildFunction": "RegisterBuilder",
      "data": {
        "description": "注册"
      }
    },
    {
      "name": "ForgetPwd",
      "pageSourceFile": "src/main/ets/pages/User/ForgetPwd.ets",
      "buildFunction": "ForgetPwdBuilder",
      "data": {
        "description": "忘记密码"
      }
    }
  ]
}